{
  "notes": [
    {
      "time": 0.16253968253968254,
      "lane": 3
    },
    {
      "time": 147.74857142857144,
      "lane": 3
    }
  ],
  "tempo": 112.34714673913044,
  "duration": 212.0910657596372
}